theta_deg,M,X,L1
29.999978660866066,0.03000021859180873,55.00000486033636,112.51999253041654
